{
  "$schema": "https://raw.githubusercontent.com/grafana/grafana/master/docs/sources/developers/plugins/plugin.schema.json",
  "type": "datasource",
  "name": "Autonomous Database",
  "id": "adbs-oracle-datasource",
  "metrics": true,
  "backend": true,
  "executable": "gpx_oracle_adb",
  "info": {
    "description": "Autonomous Database plugin",
    "author": {
      "name": "Oracle"
    },
    "keywords": ["datasource"],
    "logos": {
      "small": "img/oracle-adb-logo.png",
      "large": "img/oracle-adb-logo.png"
    },
    "links": [
      {
        "name": "Github",
        "url": "https://github.com/oracle-samples/adbs-tools/tree/main/adb-grafana-plugin"
      },
      {
        "name": "License",
        "url": "https://github.com/oracle-samples/adbs-tools/blob/main/adb-grafana-plugin/LICENSE"
      }
    ],
    "screenshots": [
      {
        "name":"Oracle ADB Config",
        "path":"img/config.png"
      },
      {
        "name":"Oracle Query Non-timeseries",
        "path":"img/query2.png"
      },
      {
        "name":"Oracle Query Timeseries Without Timezone Datatype",
        "path":"img/query1.png"
      },
      {
        "name":"Oracle Query Timeseries With Timezone Datatype",
        "path":"img/query3.png"
      }
    ],
    "version": "1.0.0",
    "updated": "2023-03-06"
  },
  "dependencies": {
    "grafanaDependency": "^9.1.2",
    "plugins": []
  }
}
